pH,Temperature,Dissolved Oxygen,Electrical Conductivity,Turbidity,Nitrogen,Phosphorus,Potassium,Water Hardness,Label
7.35,27.12,16.69,1191.99,-0.58,55.57,20.64,4.37,50.2,0
6.28,24.88,8.59,1242.4,1.42,24.62,8.66,6.1,94.49,1
8.58,29.53,13.11,1197.43,7.16,53.52,4.3,-0.07,121.0,0
5.86,21.38,6.8,1797.93,4.06,31.65,5.93,11.72,67.1,1
5.57,21.42,6.84,1770.81,3.14,40.85,9.87,15.09,64.25,1
10.37,26.88,-2.86,1192.15,0.58,17.53,18.09,-0.41,123.53,0
6.29,24.22,7.12,1663.16,1.78,23.51,12.11,7.23,110.22,1
4.15,10.01,14.94,1198.65,-8.39,56.01,22.59,28.03,126.57,0
-3.93,11.93,12.12,1191.27,-3.14,14.03,18.05,-4.17,128.44,0
6.34,22.31,7.24,1573.27,4.05,20.42,8.93,19.11,77.49,1
5.79,24.41,7.72,1381.93,3.0,26.11,10.11,14.83,60.66,1
5.98,20.83,8.94,1446.59,1.89,42.55,10.81,17.24,85.3,1
5.78,23.78,8.75,1615.62,1.88,47.76,8.3,8.64,107.09,1
6.17,24.74,6.4,1342.91,3.1,32.15,7.92,6.33,108.42,1
3.85,18.74,15.08,1194.73,-1.58,13.42,16.69,2.25,125.06,0
5.85,23.29,6.33,1500.16,2.85,20.31,5.4,19.23,76.15,1
6.33,20.09,8.19,1542.94,2.14,32.89,14.95,17.45,92.17,1
6.16,20.4,7.84,1681.3,4.78,20.71,13.94,5.55,100.56,1
6.22,21.51,6.63,1211.93,3.08,28.97,12.35,7.5,62.36,1
5.73,24.62,9.66,1628.42,2.62,34.61,5.25,12.53,86.57,1
16.13,30.85,-3.72,1193.61,14.55,17.19,-3.25,25.24,54.13,0
6.05,22.89,9.19,1453.44,2.79,32.58,11.38,16.11,92.4,1
-1.5,11.7,12.83,1192.47,7.57,13.83,-2.66,20.82,121.47,0
5.82,24.0,9.09,1664.61,1.72,33.47,8.95,12.26,77.97,1
6.16,21.72,7.26,1302.24,2.65,25.45,5.96,9.52,106.9,1
-3.83,19.42,11.92,1800.61,-0.13,52.32,17.99,-2.05,59.61,0
2.76,29.71,13.13,1807.89,14.54,10.01,24.35,2.47,121.78,0
6.33,23.09,9.98,1223.14,4.67,48.13,5.52,5.51,113.2,1
5.82,23.41,9.13,1547.79,1.69,27.14,7.28,9.13,90.72,1
1.52,18.8,15.41,1804.41,14.38,15.5,15.63,23.78,57.31,0
-1.66,26.79,11.41,1803.34,7.16,55.9,18.52,27.53,57.27,0
7.41,10.22,17.36,1802.99,7.01,50.11,-4.3,29.91,120.9,0
13.11,13.23,16.7,1195.76,-1.05,14.71,19.87,23.49,120.85,0
6.08,24.79,9.96,1267.11,4.57,45.07,8.11,19.96,64.05,1
5.58,23.4,6.49,1376.78,4.37,31.37,8.33,14.93,102.66,1
6.27,23.68,8.59,1777.28,1.67,33.96,8.59,13.33,119.68,1
3.93,26.46,5.43,1190.43,5.57,19.48,18.49,29.21,122.25,0
-1.32,33.08,15.12,1195.46,9.7,13.0,1.05,0.44,59.41,0
-2.84,29.62,-0.67,1192.9,-0.65,58.07,-4.59,26.42,120.55,0
9.38,17.33,4.4,1191.24,7.52,53.27,23.45,24.46,127.46,0
6.15,21.43,7.27,1414.42,2.98,32.38,9.44,7.62,90.69,1
8.96,13.53,12.57,1804.29,-2.01,17.08,18.52,25.76,126.54,0
13.96,31.93,5.14,1805.82,14.1,15.27,3.83,-1.22,55.97,0
5.93,21.92,9.48,1694.01,1.33,32.92,8.55,15.65,107.37,1
6.42,21.84,6.71,1324.1,4.23,39.7,13.7,13.8,61.5,1
1.7,32.17,2.22,1804.5,5.43,54.49,-1.37,3.73,56.11,0
5.86,22.21,7.06,1306.05,1.58,27.79,6.72,7.44,108.23,1
5.65,24.82,8.08,1297.74,3.05,31.93,9.47,8.02,76.55,1
4.96,17.07,13.37,1800.87,8.3,57.21,20.76,1.28,58.65,0
6.18,24.95,9.52,1386.06,3.74,21.87,12.18,16.37,95.89,1
6.0,23.63,8.5,1519.66,3.18,42.72,14.05,18.92,74.18,1
6.26,22.16,8.86,1367.2,3.43,29.75,5.7,9.42,61.94,1
14.13,34.28,0.94,1196.47,7.18,51.79,15.27,2.15,57.23,0
-4.25,12.53,-1.63,1809.49,-8.39,10.52,16.46,-1.67,54.2,0
9.71,29.97,11.81,1192.88,9.17,11.62,19.4,22.61,123.99,0
9.34,33.58,14.15,1800.14,-1.74,52.73,-1.0,1.9,57.65,0
-0.14,29.86,1.98,1804.79,5.43,12.27,18.99,24.61,125.68,0
15.85,30.75,-3.7,1808.28,-5.3,19.25,-2.37,2.18,59.84,0
5.75,22.57,9.11,1423.49,2.68,45.76,13.68,15.38,117.09,1
-1.62,27.22,-2.29,1806.63,-6.24,18.71,15.8,-4.22,123.2,0
-1.88,17.47,0.22,1803.22,15.0,11.64,19.36,-4.68,127.78,0
0.61,32.3,0.51,1193.12,10.59,10.52,3.7,0.3,59.05,0
6.13,20.12,9.56,1724.05,1.83,41.68,13.97,10.08,101.33,1
5.99,20.15,6.67,1358.5,3.5,38.83,13.39,19.17,117.41,1
-0.78,15.09,17.14,1807.43,-3.26,17.57,-0.47,28.51,55.5,0
6.16,23.02,8.56,1487.81,1.88,36.57,12.44,7.01,70.89,1
6.29,24.19,8.91,1238.36,3.54,35.61,14.9,18.46,62.32,1
-0.52,12.18,0.82,1196.71,0.69,58.26,21.99,3.55,125.73,0
2.52,31.37,17.3,1190.34,-8.56,19.87,2.61,29.24,57.34,0
-3.2,19.0,19.56,1804.78,11.86,10.93,4.73,23.67,125.5,0
-0.71,11.01,15.3,1199.07,-5.35,17.89,18.03,25.46,51.22,0
2.77,29.29,-3.11,1803.04,13.42,55.96,3.34,24.45,56.24,0
15.83,31.38,-0.85,1195.34,5.57,18.31,4.62,21.07,129.04,0
6.19,22.45,6.77,1726.63,3.73,22.73,14.99,9.56,91.8,1
-0.81,34.34,11.36,1808.47,7.17,59.32,-3.72,20.45,57.71,0
5.87,22.34,9.5,1707.58,3.31,34.97,13.57,14.23,89.84,1
5.98,24.6,7.19,1424.34,2.9,36.03,12.65,14.8,76.22,1
6.01,21.57,9.44,1424.97,3.45,28.78,12.46,17.07,76.36,1
-4.08,26.99,15.29,1807.0,12.39,58.5,22.94,-2.79,122.32,0
6.01,22.97,9.16,1315.66,1.37,37.07,6.46,19.7,97.83,1
14.18,32.8,3.15,1808.9,-3.26,15.12,-4.62,25.03,124.62,0
5.74,24.48,7.92,1378.24,3.34,39.0,8.94,14.36,118.75,1
5.54,20.05,9.35,1218.45,2.4,32.19,8.34,16.05,71.85,1
-0.23,19.39,5.69,1806.3,-5.59,56.68,-0.18,2.35,129.29,0
6.01,22.99,9.42,1724.27,2.13,20.3,8.46,16.91,80.31,1
1.58,30.44,17.56,1193.47,11.23,58.8,17.72,-1.28,129.06,0
3.85,31.35,12.7,1194.94,9.74,12.11,23.27,24.64,53.44,0
2.19,17.51,-3.25,1809.02,8.58,11.75,19.53,24.37,54.18,0
6.31,24.67,9.59,1431.89,4.76,37.69,6.95,15.56,80.49,1
6.44,21.73,9.27,1513.02,2.53,26.35,11.63,8.58,87.56,1
8.21,17.58,1.31,1193.6,6.56,16.45,-2.09,2.18,127.21,0
6.32,20.47,9.68,1584.61,3.26,25.89,7.37,13.07,95.26,1
6.46,24.91,7.32,1390.93,2.0,23.77,13.42,5.28,63.04,1
1.34,28.28,12.81,1806.27,-3.26,12.91,23.01,0.95,123.83,0
11.41,18.29,16.02,1194.18,-0.26,57.64,-4.1,21.4,55.49,0
6.49,23.87,8.39,1373.15,3.33,22.76,14.58,15.14,110.37,1
5.8,21.42,9.09,1371.73,3.11,48.35,13.35,17.72,103.6,1
13.19,27.66,5.87,1806.17,-2.31,50.17,19.54,1.95,50.57,0
10.98,28.6,1.85,1808.34,-6.76,10.12,-4.17,2.78,129.42,0
7.18,15.73,19.05,1195.89,-3.75,53.6,3.22,-3.76,124.29,0
11.3,13.98,14.78,1801.98,14.42,58.61,23.58,26.29,120.33,0
11.59,32.75,3.95,1195.11,-4.61,50.17,15.48,25.14,128.13,0
5.76,23.51,6.11,1776.11,2.52,35.46,7.84,13.58,110.06,1
6.35,21.72,8.71,1305.97,2.74,20.14,9.88,12.79,74.65,1
-0.6,33.78,13.92,1803.96,0.14,14.81,23.26,-4.07,120.84,0
7.45,13.41,17.21,1192.95,-3.02,51.23,21.22,-0.22,53.56,0
5.67,23.53,7.04,1603.44,4.61,39.74,13.9,7.12,106.13,1
0.63,13.57,2.04,1804.62,14.5,15.14,22.93,29.38,51.37,0
14.58,13.62,4.45,1194.14,11.54,52.63,15.57,-0.76,125.55,0
8.54,30.19,19.52,1802.02,7.0,52.64,24.23,29.36,59.19,0
6.34,20.56,6.92,1651.09,4.21,42.39,5.74,13.88,83.72,1
6.16,23.94,8.43,1387.51,3.97,33.52,8.6,9.41,78.13,1
1.88,27.75,10.91,1803.54,-2.46,15.96,-0.22,22.75,124.05,0
12.28,30.95,1.43,1804.73,10.11,11.54,0.5,25.43,122.34,0
13.14,31.02,12.2,1801.9,-3.18,10.78,16.48,26.43,120.27,0
6.31,22.06,7.58,1780.72,2.57,34.29,9.29,9.93,117.86,1
6.24,24.91,7.92,1559.8,1.2,46.79,14.13,6.02,116.11,1
5.85,24.37,8.28,1274.66,2.81,31.81,9.21,10.53,69.46,1
0.94,19.66,-2.86,1193.96,-5.75,13.31,21.67,23.3,123.28,0
11.23,34.18,13.15,1195.68,6.79,55.23,18.8,21.5,127.85,0
5.99,20.94,6.69,1773.24,3.97,24.49,6.32,8.72,87.35,1
16.19,12.27,4.67,1809.64,13.51,50.88,-3.25,-1.59,56.02,0
-4.01,16.32,17.05,1197.17,-7.65,18.89,-2.78,26.43,129.35,0
5.84,23.86,9.4,1327.56,1.45,48.22,5.6,10.92,70.42,1
5.76,20.3,6.65,1752.11,2.24,32.19,12.26,5.13,104.3,1
-3.95,31.89,18.61,1191.69,-2.29,52.37,16.92,-0.09,124.09,0
5.72,23.56,8.48,1223.05,2.97,30.8,10.63,5.19,63.45,1
6.32,22.74,6.02,1369.89,2.84,24.5,8.71,15.6,67.22,1
6.15,23.98,9.62,1793.45,4.68,26.11,11.11,8.86,94.46,1
4.26,16.76,-0.73,1801.87,-0.85,58.23,16.91,-0.53,57.23,0
14.86,12.98,-0.03,1192.08,10.51,57.48,0.05,23.06,54.18,0
6.15,24.3,7.24,1360.99,3.51,27.45,12.47,17.99,62.1,1
5.81,21.81,8.26,1344.14,3.41,31.33,12.86,15.08,92.0,1
0.42,25.42,2.76,1801.5,-3.77,53.55,20.62,-2.77,124.18,0
5.58,20.67,6.61,1270.68,1.61,49.03,5.42,18.07,95.21,1
2.61,27.22,15.13,1193.69,11.24,15.73,-0.8,25.73,56.99,0
10.14,28.71,1.17,1190.67,12.8,13.11,3.43,0.1,129.45,0
5.93,21.04,6.89,1442.11,3.59,44.83,14.36,16.44,99.89,1
16.13,13.77,1.49,1807.97,10.36,15.32,17.95,23.41,128.21,0
-0.42,19.34,5.15,1800.35,-3.62,16.34,17.28,-0.71,125.1,0
5.71,21.82,6.9,1659.87,4.44,45.02,13.5,15.52,82.47,1
10.56,13.9,-1.71,1194.48,-4.07,53.29,22.16,23.06,128.07,0
6.27,22.95,9.46,1220.68,1.02,26.49,11.02,10.21,61.47,1
-3.5,15.9,1.53,1195.47,7.5,54.89,20.67,-4.75,54.36,0
5.93,22.3,6.05,1329.67,1.37,25.16,7.89,18.99,61.56,1
0.69,18.29,13.87,1191.92,-3.07,51.98,21.22,26.05,52.98,0
6.23,20.24,7.26,1268.69,3.8,49.85,13.84,12.14,67.58,1
5.91,22.92,7.78,1296.15,3.57,34.66,14.68,18.17,79.63,1
6.45,24.08,8.22,1794.54,2.48,28.78,6.07,7.03,101.39,1
5.66,22.84,8.1,1714.3,1.86,20.11,11.56,10.44,115.88,1
6.29,24.18,8.25,1541.02,3.69,27.32,13.34,9.66,66.33,1
5.52,20.67,8.44,1535.5,2.45,25.3,6.26,13.44,77.26,1
-2.18,19.69,4.81,1808.76,-0.36,19.44,-1.44,3.24,129.49,0
0.84,10.76,-1.14,1194.54,0.71,59.24,3.82,-3.42,124.36,0
-3.39,30.26,12.15,1195.06,-0.17,17.12,24.26,2.53,50.59,0
6.09,24.32,9.08,1399.67,2.77,28.99,11.13,9.84,66.39,1
-2.83,29.1,18.71,1196.39,-8.2,16.23,19.47,-4.35,122.24,0
-2.8,27.44,13.16,1803.01,14.65,17.51,-2.46,23.8,58.46,0
5.81,20.64,6.92,1495.76,4.42,24.08,13.4,18.89,105.77,1
5.68,20.9,8.16,1683.74,2.42,22.33,13.03,14.32,79.18,1
12.99,28.27,17.49,1800.29,11.05,14.64,-2.77,25.65,129.27,0
8.59,34.6,16.64,1802.81,0.63,17.91,-0.89,-0.67,122.39,0
5.86,24.59,8.09,1665.64,2.66,40.42,9.12,17.06,98.53,1
5.89,20.97,6.45,1514.94,3.96,46.6,11.42,19.69,102.81,1
0.56,28.17,-1.89,1803.99,-3.49,58.64,4.21,23.31,125.76,0
5.62,21.06,6.88,1368.84,4.39,25.03,9.6,6.73,81.98,1
5.61,24.11,7.59,1442.42,2.44,39.31,7.14,9.5,115.8,1
6.19,21.51,6.13,1222.53,3.62,23.08,7.26,15.22,86.45,1
5.78,21.5,7.14,1673.96,1.93,30.96,14.79,11.47,65.51,1
8.35,10.54,15.8,1801.19,14.26,55.84,-1.78,29.96,125.78,0
5.55,21.15,9.65,1405.78,3.92,23.92,10.84,18.2,118.63,1
2.39,30.03,5.57,1805.17,11.53,55.01,-4.82,20.17,53.31,0
-0.45,30.41,18.22,1800.98,-7.52,55.46,4.18,28.47,120.7,0
5.75,21.57,8.88,1444.8,3.93,30.33,7.54,9.25,80.14,1
1.85,11.36,0.14,1801.14,11.7,55.53,3.22,2.9,59.01,0
16.46,18.03,19.94,1194.84,10.05,58.06,16.05,27.2,122.61,0
5.85,21.92,9.44,1476.92,1.98,36.43,13.88,16.24,62.02,1
9.04,15.94,14.25,1805.64,5.47,59.36,0.22,28.37,50.27,0
6.0,23.59,9.51,1211.06,2.59,35.83,10.61,14.08,119.5,1
10.74,18.96,15.43,1800.24,10.61,58.57,18.81,22.3,128.21,0
0.26,18.93,-3.23,1801.87,-4.94,58.0,-4.87,29.55,55.77,0
6.8,29.13,5.49,1194.56,-8.96,10.09,0.71,4.75,58.49,0
5.67,21.55,9.22,1713.19,1.38,31.25,5.49,14.16,114.59,1
13.88,33.01,16.71,1808.66,-3.16,56.33,-0.25,1.22,120.7,0
-0.7,25.77,12.23,1809.12,12.39,14.95,19.52,1.08,55.43,0
15.19,32.31,2.39,1193.89,-0.85,54.96,2.53,-4.67,58.11,0
15.09,26.18,16.55,1195.14,9.57,57.5,-1.5,4.72,122.86,0
5.81,22.76,9.43,1212.42,1.43,23.39,6.53,16.81,102.73,1
2.93,29.14,13.72,1805.71,-5.09,53.98,22.97,22.64,53.5,0
6.32,21.09,6.66,1279.54,4.49,32.14,8.57,15.9,110.81,1
6.95,13.9,2.57,1806.84,6.19,54.26,19.34,20.98,52.81,0
14.43,30.1,2.47,1191.3,0.35,15.07,-2.39,1.22,58.33,0
-4.12,28.09,12.07,1804.41,-7.1,53.14,18.16,21.46,50.77,0
3.57,18.08,12.12,1804.0,8.11,53.93,24.96,21.08,121.42,0
-1.83,32.44,19.9,1190.15,11.46,17.59,2.95,23.27,53.33,0
5.89,24.84,6.42,1561.08,2.14,48.31,9.26,15.41,116.05,1
3.93,18.68,18.15,1190.42,-1.96,57.33,-3.47,26.94,55.7,0
6.07,20.02,6.49,1315.37,3.52,33.67,13.39,15.3,108.44,1
5.74,21.8,7.6,1326.16,4.77,25.68,8.77,17.21,109.61,1
3.23,32.34,19.04,1197.33,-5.73,18.05,23.09,23.31,123.3,0
14.57,18.83,17.87,1193.53,7.14,10.37,17.26,26.39,123.93,0
11.06,10.77,16.08,1192.92,13.51,16.43,4.77,-2.44,57.64,0
0.82,31.36,4.5,1194.2,-8.72,17.54,20.75,28.27,120.58,0
5.63,24.82,7.32,1585.42,4.23,46.59,11.09,6.33,118.26,1
2.35,33.47,11.01,1801.95,-7.01,53.89,20.91,-4.87,54.21,0
7.48,29.99,5.16,1801.65,7.95,53.38,2.5,-2.39,128.72,0
-4.44,18.07,17.4,1194.1,-7.83,18.2,16.6,23.56,129.75,0
6.49,21.97,9.09,1300.87,4.7,40.4,10.04,15.98,99.47,1
15.85,12.43,-1.49,1803.96,-7.01,19.2,21.86,23.61,51.02,0
-3.8,33.88,11.79,1805.86,-3.68,59.68,-3.51,4.57,59.28,0
5.54,23.29,9.14,1799.5,2.65,49.61,8.96,19.7,97.83,1
6.26,20.39,9.11,1563.07,3.66,21.86,11.37,10.48,68.46,1
5.96,20.97,9.87,1237.43,1.11,40.49,14.41,6.51,81.6,1
1.25,17.59,0.81,1197.05,9.72,53.52,17.03,27.53,123.15,0
7.35,29.26,1.42,1800.71,8.56,59.94,19.95,20.49,122.02,0
10.48,10.95,5.32,1809.39,14.64,51.75,4.75,23.31,125.03,0
6.49,23.9,8.86,1460.5,4.0,42.33,12.32,19.59,60.88,1
5.84,22.32,8.71,1672.8,1.48,47.18,7.16,10.7,81.28,1
11.78,17.55,19.38,1801.62,-3.66,53.59,3.78,28.25,57.44,0
5.73,24.28,7.05,1404.11,1.68,24.32,14.67,10.49,61.04,1
10.69,33.23,0.46,1199.03,-3.41,18.93,23.11,24.45,59.06,0
6.38,20.44,9.76,1764.75,4.02,48.0,8.26,19.77,116.22,1
-4.35,31.01,15.37,1804.83,-8.4,58.57,17.34,3.63,50.79,0
14.57,27.06,1.22,1196.34,7.02,15.69,17.15,27.55,121.78,0
12.94,18.65,-2.11,1199.29,-3.45,15.19,21.57,-3.23,56.79,0
8.73,18.33,-3.8,1804.93,-3.86,54.1,-2.81,-2.23,56.27,0
5.58,21.22,8.36,1484.18,2.47,37.52,9.97,12.1,80.43,1
10.83,13.33,12.91,1199.05,12.84,59.33,-4.53,-3.59,52.05,0
5.98,24.94,8.46,1281.33,3.64,43.99,9.5,18.62,84.86,1
2.84,26.52,15.0,1802.12,10.66,12.73,4.53,24.2,51.5,0
10.95,33.46,5.86,1199.3,10.46,54.15,20.96,23.65,50.46,0
5.86,22.35,8.46,1576.87,4.37,41.7,11.45,13.14,81.11,1
6.08,23.75,9.71,1623.44,3.7,49.85,8.54,5.23,112.55,1
6.37,21.28,6.32,1793.55,2.47,29.76,6.91,13.93,93.65,1
11.68,16.06,19.89,1196.56,6.4,18.19,-4.93,28.12,122.62,0
14.08,33.63,18.88,1809.72,6.71,12.02,0.66,-1.55,125.39,0
15.54,13.24,-3.81,1195.06,7.87,54.16,-4.94,-2.29,122.81,0
5.82,23.32,7.55,1343.32,2.57,26.71,11.79,19.11,61.88,1
5.55,24.44,8.43,1513.57,4.18,22.46,6.81,16.76,85.14,1
6.14,22.84,6.26,1435.98,3.42,20.52,6.3,8.47,62.56,1
6.07,21.93,6.1,1261.57,3.22,37.38,6.72,6.11,111.04,1
6.45,24.71,9.5,1385.32,3.82,31.73,8.27,9.85,62.8,1
-0.96,18.76,-3.62,1190.13,14.57,19.89,0.0,-1.22,127.08,0
6.44,21.05,7.51,1481.85,2.23,31.52,12.68,6.45,81.77,1
6.28,23.7,6.04,1255.03,1.82,35.68,9.65,15.77,82.89,1
4.6,18.12,12.51,1190.65,13.52,10.22,20.4,4.14,50.13,0
15.66,10.67,5.59,1808.3,-6.65,52.61,1.0,-2.78,53.6,0
5.85,20.74,9.05,1726.62,4.11,44.56,13.32,15.12,73.23,1
6.17,22.29,6.77,1528.75,2.82,41.74,11.69,12.16,84.77,1
6.34,24.96,6.4,1296.78,1.88,25.3,5.7,11.37,110.48,1
-0.22,29.1,4.19,1809.7,14.37,18.76,24.07,22.22,59.28,0
6.08,22.18,7.3,1354.28,3.51,32.03,8.43,8.4,61.64,1
1.0,15.41,3.98,1807.36,-0.58,53.43,-0.08,25.72,50.7,0
-4.26,16.36,18.85,1807.28,14.88,57.42,17.96,26.64,59.3,0
5.84,22.35,7.89,1767.8,3.72,47.48,12.69,19.67,99.01,1
3.99,25.59,12.63,1194.51,14.3,58.43,0.32,-4.58,58.06,0
5.93,22.12,6.41,1463.1,3.31,33.91,7.71,14.74,108.37,1
-3.32,33.24,-1.16,1808.41,-0.75,17.37,19.93,2.01,50.23,0
5.56,21.79,9.47,1345.1,3.01,37.21,13.47,15.85,92.08,1
5.89,20.86,6.66,1209.29,4.84,30.75,5.9,10.31,65.2,1
6.4,23.66,7.48,1487.88,1.87,21.52,8.69,16.65,112.86,1
6.35,23.21,9.45,1591.28,3.11,35.9,9.46,13.7,65.55,1
-0.18,29.36,1.66,1194.84,7.1,17.08,19.77,21.68,56.98,0
7.76,29.96,12.46,1194.12,-3.29,12.87,-4.52,1.16,58.76,0
-3.9,32.44,2.24,1803.21,-0.14,58.85,19.18,-4.27,129.26,0
6.31,23.19,9.22,1249.16,4.88,29.19,9.98,10.29,88.44,1
5.78,22.69,6.76,1586.98,1.35,43.68,9.73,6.77,85.97,1
14.72,26.47,-3.06,1801.68,8.08,11.23,-3.53,21.44,52.03,0
6.34,21.74,9.05,1732.9,1.79,49.78,14.05,7.95,69.04,1
6.09,20.72,9.77,1601.64,2.4,29.2,9.37,5.87,114.76,1
5.74,23.56,8.11,1294.21,2.99,26.91,11.38,7.47,99.63,1
13.82,18.23,11.32,1803.35,13.78,16.12,15.65,1.19,127.95,0
4.24,34.58,18.99,1801.62,5.22,50.77,16.23,2.63,50.6,0
9.95,28.54,3.7,1802.54,14.41,55.95,-4.62,-3.17,123.49,0
6.04,22.54,8.63,1765.99,3.2,23.55,12.93,15.69,90.57,1
6.4,24.46,7.47,1558.03,2.84,41.29,5.8,13.55,114.27,1
5.96,21.82,8.09,1703.47,4.82,37.06,14.25,17.43,112.65,1
5.56,22.14,7.57,1505.41,2.04,27.97,9.09,11.08,107.03,1
1.7,14.98,19.61,1809.58,8.04,54.79,2.54,22.16,57.24,0
6.18,23.38,9.47,1644.69,4.09,41.38,11.07,6.72,89.19,1
6.32,20.25,7.54,1370.21,3.99,46.15,9.07,7.41,70.26,1
15.53,15.91,-2.93,1196.11,-2.47,58.99,1.04,-0.92,52.17,0
1.27,27.63,-2.93,1808.65,12.72,12.14,15.23,25.1,123.99,0
-1.81,30.74,-0.2,1196.83,-8.96,56.8,18.34,-4.26,56.72,0
5.59,23.31,9.51,1219.78,2.92,37.21,12.77,5.64,61.42,1
6.47,23.95,7.62,1789.89,4.04,25.42,9.75,12.71,76.5,1
5.62,23.06,8.34,1310.21,4.32,39.05,12.6,17.96,64.7,1
6.12,22.32,8.4,1277.41,3.69,40.02,13.56,10.48,71.84,1
3.05,14.05,2.22,1198.81,10.14,50.17,17.22,0.92,58.58,0
6.12,20.22,9.11,1281.6,4.73,39.98,6.63,19.6,119.71,1
5.63,22.76,9.46,1352.59,1.71,43.52,12.79,6.17,86.13,1
11.27,11.2,-0.2,1191.04,12.86,53.5,2.83,-5.0,50.2,0
10.03,16.33,11.92,1196.02,9.88,53.59,21.32,22.99,52.11,0
5.54,22.03,8.63,1472.61,2.12,35.84,14.63,15.51,71.4,1
-1.57,25.43,14.57,1198.61,-7.51,52.1,1.33,-3.94,52.76,0
6.0,20.03,6.24,1304.59,3.09,22.21,14.99,18.85,61.95,1
7.14,29.9,4.53,1807.44,9.97,50.87,-2.68,22.58,120.69,0
6.19,24.87,8.64,1232.42,3.88,36.89,7.64,9.1,69.86,1
5.51,24.51,7.0,1760.32,2.11,41.6,14.67,18.57,94.55,1
6.41,23.38,7.08,1404.27,2.67,34.5,11.01,15.25,76.01,1
-3.03,31.7,11.98,1806.59,-7.5,17.64,-0.9,23.73,126.9,0
6.45,23.28,8.15,1529.26,2.66,35.68,9.44,5.07,94.82,1
-2.07,10.09,0.5,1194.78,13.18,51.33,1.87,-3.25,122.91,0
6.04,20.22,7.13,1396.76,2.83,44.02,11.92,12.44,67.86,1
5.93,24.41,8.61,1437.0,3.42,38.42,14.89,18.78,71.49,1
-1.82,32.67,17.24,1193.71,-4.81,56.37,17.35,24.78,125.36,0
4.64,18.29,2.02,1195.01,7.53,58.81,19.66,-2.72,128.11,0
5.91,23.32,8.35,1611.32,3.79,49.46,10.24,18.83,63.32,1
5.87,24.68,7.19,1285.66,1.81,27.32,5.45,10.57,64.56,1
1.29,11.79,-2.19,1804.2,-0.93,15.66,21.46,23.5,53.99,0
11.53,28.66,18.72,1809.01,-6.95,53.02,0.2,22.03,127.39,0
5.92,20.18,7.52,1598.35,4.9,33.44,8.4,17.49,113.12,1
1.73,12.53,14.27,1806.2,12.97,51.73,20.81,28.94,124.18,0
6.01,21.51,8.57,1539.58,4.05,28.62,12.71,19.64,103.69,1
5.76,20.56,7.43,1480.67,3.58,49.89,11.44,11.3,115.66,1
6.97,30.72,10.41,1801.22,-7.18,51.32,15.75,27.45,55.75,0
16.23,26.69,15.46,1807.65,-8.25,17.78,2.09,23.62,124.59,0
5.66,22.01,6.83,1413.4,2.19,30.03,14.32,13.99,100.82,1
5.66,24.85,8.84,1441.65,3.44,28.05,8.79,19.0,90.83,1
-2.68,34.02,-3.93,1804.17,7.71,57.74,23.5,-0.79,121.6,0
6.06,21.87,9.11,1439.54,1.07,31.96,10.49,7.0,64.13,1
4.94,18.01,0.67,1808.26,-1.77,51.46,-0.89,22.92,126.0,0
5.63,24.56,9.46,1303.87,3.19,37.27,5.45,6.03,61.31,1
6.39,21.99,9.3,1336.17,4.81,25.81,12.32,10.14,73.87,1
5.94,22.06,8.17,1593.57,2.21,43.43,8.58,11.27,79.37,1
6.41,21.13,8.83,1774.52,1.58,28.62,8.15,16.69,99.35,1
-0.52,16.5,1.08,1194.01,-7.72,59.71,22.78,25.16,126.53,0
6.67,11.25,12.65,1801.77,-8.15,15.66,17.89,20.15,53.39,0
5.98,23.77,8.27,1510.97,2.18,46.29,8.93,18.66,81.06,1
5.62,24.74,6.41,1731.36,4.07,37.34,6.95,13.56,108.6,1
4.83,17.79,-3.82,1196.65,-4.92,53.71,16.68,20.68,50.77,0
6.29,24.4,6.33,1794.37,3.18,39.12,10.6,13.17,79.33,1
5.65,23.59,9.85,1464.09,3.38,27.48,9.26,11.51,78.55,1
-2.53,33.5,17.42,1192.72,-6.95,13.35,-1.78,21.38,126.93,0
4.02,31.84,0.38,1805.92,14.11,55.19,18.03,28.66,125.76,0
0.91,26.36,4.25,1804.35,14.68,57.34,4.7,-3.9,56.33,0
2.34,33.53,13.69,1198.31,9.8,50.7,18.68,20.95,57.84,0
2.97,26.83,4.55,1194.27,14.81,56.87,23.96,29.65,53.37,0
4.66,16.84,3.56,1198.73,10.2,54.37,17.3,27.11,128.06,0
3.14,31.26,12.31,1198.44,-5.37,19.74,24.13,22.27,124.81,0
15.47,14.87,10.85,1809.85,-6.18,12.81,2.88,-3.49,129.21,0
5.85,24.48,8.25,1394.21,3.48,30.69,7.89,18.57,77.51,1
5.89,21.67,9.95,1388.36,4.47,31.71,5.5,18.58,78.81,1
16.46,34.02,19.31,1194.92,10.11,50.49,18.39,-1.52,126.14,0
5.93,23.88,9.67,1365.19,3.32,30.44,6.8,9.17,75.19,1
13.29,31.05,16.74,1808.76,7.88,50.18,-4.89,28.5,55.72,0
5.92,22.95,6.52,1606.39,3.04,47.86,7.03,9.2,70.82,1
6.45,23.38,7.66,1265.83,2.39,40.73,12.05,11.1,97.75,1
7.43,15.95,14.78,1801.73,-7.55,12.82,20.86,24.56,55.98,0
-2.47,10.35,13.21,1190.36,-2.43,13.01,-1.44,-1.57,52.56,0
14.25,28.19,4.22,1808.97,13.99,50.58,2.46,26.24,51.31,0
5.55,22.2,6.75,1636.33,2.37,36.1,8.11,10.62,99.96,1
-3.13,18.07,2.29,1192.98,-4.26,51.19,1.52,27.22,123.76,0
6.42,22.86,6.49,1600.91,2.34,39.22,13.07,14.15,71.96,1
5.84,21.13,6.32,1306.56,3.84,20.11,8.38,5.48,95.33,1
5.59,22.97,8.69,1684.45,3.18,26.87,12.9,17.75,79.11,1
-2.32,17.01,-0.47,1804.76,6.36,13.48,-3.37,-0.41,120.21,0
16.41,34.67,2.33,1191.82,8.42,18.21,3.21,1.37,55.45,0
-3.78,34.61,13.51,1806.19,13.82,50.78,-1.35,27.76,120.87,0
1.35,15.38,3.75,1190.59,-2.14,53.33,22.05,28.83,51.44,0
6.43,23.36,6.36,1419.85,4.25,42.74,7.02,17.86,108.78,1
2.05,28.35,4.95,1806.94,-2.51,11.64,19.38,23.27,56.02,0
-1.95,27.09,14.93,1197.02,-8.87,16.08,23.65,20.18,129.73,0
-1.25,26.41,5.42,1199.54,5.4,52.55,0.89,25.6,54.5,0
6.39,20.57,6.06,1688.46,3.79,49.94,11.68,12.4,65.08,1
6.09,23.81,8.43,1610.49,2.13,33.65,6.89,14.39,89.19,1
11.41,17.83,19.07,1197.31,13.1,13.54,1.94,-0.89,120.65,0
16.19,34.18,15.8,1190.66,13.24,58.06,23.01,-2.57,120.42,0
13.82,10.89,11.3,1802.53,7.53,12.48,17.5,0.46,52.52,0
3.4,27.65,11.41,1193.79,-0.34,50.41,18.81,-1.95,128.11,0
8.58,29.2,13.44,1194.25,-7.86,51.08,21.75,4.3,56.62,0
6.32,20.73,7.8,1457.32,4.27,34.87,10.46,10.0,115.14,1
6.24,24.6,6.33,1791.95,4.13,29.88,13.82,12.84,96.51,1
13.46,32.52,11.28,1190.42,-5.0,58.78,19.26,-0.05,53.27,0
5.29,27.61,-1.29,1199.3,-1.43,56.27,1.4,24.29,53.88,0
4.35,32.27,14.31,1802.18,-2.69,16.73,23.87,0.28,53.87,0
4.78,26.48,16.01,1194.63,12.64,59.37,21.04,27.41,128.57,0
5.69,23.41,9.85,1492.41,1.82,41.35,7.92,13.53,66.19,1
5.94,24.03,9.92,1657.44,1.62,43.21,10.92,10.06,99.32,1
6.16,24.65,7.26,1224.91,1.04,39.37,11.81,6.87,62.07,1
12.1,17.1,4.35,1801.73,-7.23,54.67,-3.2,27.77,127.91,0
5.9,20.84,9.36,1770.17,2.99,22.47,14.44,11.22,81.68,1
2.98,31.88,-3.86,1801.12,-5.61,18.56,22.83,2.93,122.42,0
5.96,21.52,8.74,1509.97,4.49,22.91,14.49,19.1,81.51,1
16.39,14.4,-2.69,1193.92,-6.8,11.01,-3.12,1.87,54.93,0
6.03,24.78,9.88,1621.2,2.88,26.8,14.76,6.73,64.32,1
5.82,20.44,9.95,1248.84,2.51,33.69,15.0,9.79,113.67,1
1.55,26.45,0.83,1199.17,8.28,55.78,1.07,-0.97,127.15,0
-3.14,10.73,1.19,1805.08,13.28,14.61,23.41,25.5,57.56,0
1.19,28.62,10.89,1195.69,6.64,51.66,2.35,24.63,54.4,0
9.09,12.05,18.39,1193.89,-3.01,58.34,24.86,27.48,51.12,0
5.65,22.68,9.01,1522.25,3.99,43.23,13.28,6.26,87.15,1
6.3,22.97,8.95,1607.76,3.88,28.3,9.33,8.37,68.26,1
5.59,24.07,7.24,1230.2,2.44,47.27,8.18,13.64,117.6,1
5.93,23.07,9.29,1515.33,1.12,44.29,14.74,6.01,118.61,1
5.54,20.16,9.53,1419.5,2.98,35.2,13.27,19.1,106.96,1
5.7,20.14,8.26,1442.42,3.65,46.32,5.5,5.48,75.42,1
3.57,29.97,5.79,1809.07,-5.83,10.81,-0.31,-4.89,123.11,0
15.41,12.7,15.94,1802.59,13.44,18.11,22.59,29.56,58.82,0
0.19,17.68,18.46,1806.79,14.52,53.37,24.67,2.72,51.22,0
6.47,20.25,9.51,1389.46,3.89,39.6,6.51,19.83,98.33,1
5.03,17.4,18.14,1808.12,-1.5,53.4,21.41,21.14,125.96,0
-4.45,33.33,-2.31,1808.72,7.11,17.07,18.28,29.74,59.7,0
4.87,17.97,5.09,1191.23,-3.32,16.85,21.7,-4.9,127.27,0
6.43,22.07,7.3,1391.31,1.98,31.13,14.72,9.94,78.93,1
5.99,22.93,9.92,1245.73,3.91,37.11,8.51,8.05,112.48,1
-1.24,12.17,18.29,1196.44,6.51,50.57,16.51,2.93,123.2,0
6.33,24.95,8.58,1348.89,1.83,33.15,14.59,6.51,95.55,1
15.44,27.45,13.23,1192.38,11.59,16.72,16.46,24.19,57.96,0
5.64,24.79,8.86,1251.78,4.76,36.96,6.11,16.04,75.28,1
5.82,24.57,6.67,1649.36,4.6,43.39,9.66,8.61,111.88,1
11.07,30.69,11.7,1808.63,11.43,56.32,16.21,24.74,129.03,0
6.5,20.85,9.42,1751.48,2.66,30.48,11.6,17.24,93.79,1
5.83,24.21,9.36,1217.38,1.3,31.64,7.46,15.17,84.08,1
6.14,22.07,6.23,1786.34,3.73,21.85,10.42,7.77,106.0,1
15.81,10.57,1.12,1198.59,13.03,52.89,1.01,25.32,121.07,0
5.5,20.53,7.27,1699.25,3.84,23.89,8.66,6.05,105.54,1
5.78,24.45,8.57,1582.78,2.96,49.08,12.24,14.96,76.16,1
6.32,20.89,7.91,1604.03,1.81,45.93,7.64,16.57,94.26,1
5.75,20.98,9.63,1774.88,3.41,38.61,9.82,16.67,104.15,1
6.06,21.49,9.32,1757.17,2.62,41.49,14.87,16.72,74.42,1
10.07,15.84,10.15,1191.54,-6.68,52.0,24.3,-0.38,50.6,0
14.13,15.64,10.66,1800.79,0.06,55.23,4.22,2.19,51.26,0
11.57,19.07,1.86,1806.21,-8.66,13.28,-0.38,2.12,120.85,0
3.51,31.31,19.69,1190.11,-6.03,13.77,15.16,-2.69,129.1,0
14.87,28.87,2.78,1194.34,-6.12,10.96,1.97,-0.35,50.62,0
6.45,24.7,7.28,1676.28,2.75,31.07,5.32,11.58,68.09,1
6.28,24.27,8.46,1270.85,4.11,46.96,9.07,6.9,98.69,1
6.44,21.5,7.05,1427.81,3.44,40.87,11.26,12.1,104.87,1
5.96,23.46,8.55,1540.32,3.26,42.14,8.92,7.14,94.36,1
9.98,31.93,-2.08,1190.78,-7.64,56.99,-2.08,-1.56,52.45,0
6.22,23.56,8.19,1502.51,3.26,24.31,6.3,5.71,69.25,1
5.69,24.47,8.53,1218.04,4.92,33.58,5.23,6.56,87.94,1
6.42,21.07,8.62,1299.35,1.32,36.78,11.34,15.24,66.13,1
10.6,26.37,2.06,1809.8,-7.96,57.62,24.12,21.37,54.06,0
6.09,23.63,9.52,1297.49,4.02,21.38,9.01,13.42,119.26,1
5.9,21.56,7.14,1220.86,1.94,44.05,11.37,16.64,106.32,1
6.22,22.59,6.69,1229.03,4.98,48.6,8.54,12.81,81.18,1
3.99,14.65,2.89,1808.36,7.13,59.07,18.74,22.9,53.48,0
5.65,20.91,9.37,1767.92,2.66,43.27,5.07,5.49,103.93,1
6.02,24.81,6.64,1757.56,2.04,22.05,9.74,7.65,92.4,1
14.83,18.17,15.8,1806.35,11.14,10.36,-0.89,-1.64,121.32,0
-4.12,18.33,5.53,1196.01,11.79,15.0,-3.68,24.5,120.9,0
5.89,23.89,9.67,1316.27,1.32,27.96,9.8,19.51,79.26,1
13.11,14.1,16.42,1807.55,11.01,14.29,20.06,-4.62,129.89,0
16.38,27.81,3.46,1808.17,-7.2,11.0,-1.5,29.51,50.75,0
6.22,22.43,9.9,1431.28,1.19,44.67,14.34,17.71,65.34,1
5.54,24.13,7.35,1474.14,4.22,38.42,13.15,14.48,60.06,1
10.74,10.8,-3.04,1196.29,14.49,15.7,0.42,25.54,55.69,0
5.94,21.19,7.21,1492.34,1.78,21.22,11.27,18.61,85.99,1
6.19,22.45,8.95,1774.98,4.24,41.16,6.79,5.27,115.8,1
5.57,23.01,7.57,1324.62,1.18,46.59,6.94,17.57,103.46,1
15.87,13.25,14.76,1805.35,0.15,56.47,17.43,-0.45,52.1,0
10.53,26.95,19.82,1195.0,5.55,55.6,21.85,1.2,58.56,0
6.34,23.82,7.2,1638.84,3.42,41.84,9.33,10.89,118.07,1
15.64,33.34,3.4,1805.07,7.45,54.91,3.9,-0.44,54.38,0
5.67,22.89,9.11,1752.97,1.35,39.34,7.31,9.17,96.91,1
10.36,25.22,18.89,1197.02,-7.68,58.7,21.49,24.28,121.28,0
6.46,21.38,8.16,1788.89,3.38,28.55,11.43,15.83,115.83,1
5.57,24.46,9.67,1226.35,4.23,37.79,12.39,8.81,87.76,1
1.82,13.22,17.71,1809.6,5.21,10.76,18.56,24.44,127.73,0
-4.42,34.65,19.64,1809.2,11.96,10.87,24.94,-1.56,121.9,0
5.51,22.49,8.45,1397.83,4.34,32.1,5.77,18.73,78.79,1
13.42,13.54,-1.52,1197.51,-5.24,10.47,-3.79,0.74,56.63,0
10.41,28.1,11.94,1197.46,-6.98,16.99,16.38,25.33,57.34,0
5.71,23.95,7.43,1575.28,3.77,38.81,11.67,5.98,84.13,1
6.17,24.68,7.63,1628.7,4.35,29.51,11.81,13.03,104.49,1
5.27,33.18,12.4,1803.2,-5.35,59.76,2.16,3.62,55.28,0
2.53,15.41,12.43,1193.6,-5.83,58.74,21.13,-4.93,59.57,0
-4.44,27.71,16.05,1804.41,9.05,11.41,23.11,4.87,122.59,0
6.07,23.45,9.21,1644.61,4.77,30.41,8.53,12.01,103.1,1
10.82,30.28,12.46,1197.66,6.27,51.57,-3.34,26.34,123.44,0
6.06,21.56,6.12,1582.87,1.05,31.03,8.08,11.84,87.7,1
13.52,28.57,12.97,1198.81,5.79,19.68,-0.39,22.32,126.53,0
5.93,21.47,6.3,1382.54,4.91,39.48,13.55,12.59,86.36,1
6.97,18.12,0.03,1802.58,14.32,58.72,-0.76,29.86,124.37,0
3.73,31.39,1.66,1190.22,7.82,14.64,22.02,-4.67,129.31,0
6.35,22.22,8.22,1728.79,2.3,28.41,5.62,14.37,77.96,1
4.33,18.62,16.95,1195.23,-6.19,53.92,3.0,23.37,52.91,0
6.49,21.63,8.23,1428.78,2.31,46.98,7.97,8.73,79.47,1
12.45,12.21,4.07,1801.53,-4.46,17.41,19.27,1.9,129.48,0
6.02,24.48,8.49,1404.6,2.99,26.84,5.21,5.91,119.25,1
10.29,16.26,11.21,1198.37,9.86,58.58,-3.76,3.25,59.26,0
6.12,24.88,8.71,1516.09,3.68,32.83,8.91,9.12,98.27,1
5.68,21.21,6.07,1526.56,3.2,45.37,8.85,10.51,89.99,1
10.44,30.22,15.72,1802.11,-0.4,55.15,-2.68,25.95,59.23,0
2.01,29.15,4.44,1193.59,5.38,56.33,2.2,22.59,58.92,0
5.98,21.17,8.02,1763.1,4.72,38.94,8.43,5.28,102.56,1
5.51,20.58,8.02,1606.02,1.95,27.82,5.71,11.85,115.99,1
6.3,20.56,8.39,1277.58,4.84,32.01,11.85,19.18,92.22,1
2.92,11.94,4.53,1198.97,0.67,55.95,2.31,21.4,128.33,0
9.81,12.13,14.67,1197.96,-1.97,19.7,-4.98,3.46,52.76,0
3.69,34.17,11.34,1804.05,11.3,15.42,-2.6,27.73,51.47,0
6.49,23.84,7.59,1695.45,2.47,32.61,9.84,7.21,76.63,1
6.05,22.01,6.77,1518.73,2.2,31.84,6.98,18.78,82.75,1
15.65,15.9,4.16,1196.09,5.24,11.97,20.79,25.45,57.9,0
-1.67,27.64,1.88,1800.88,10.96,11.5,21.52,24.9,54.08,0
6.12,21.08,9.04,1544.75,2.64,30.62,11.73,12.06,115.56,1
8.43,31.52,-1.66,1190.45,-2.85,17.12,16.71,2.05,57.39,0
15.54,11.43,17.15,1196.91,13.03,54.76,17.16,22.12,54.31,0
4.37,29.13,-0.12,1807.02,-8.57,57.02,19.58,27.94,122.78,0
2.57,14.59,12.44,1197.94,10.49,58.59,-2.06,29.15,124.73,0
16.45,30.14,0.51,1195.09,-5.73,52.4,20.5,25.41,55.48,0
5.82,22.45,8.86,1226.36,3.55,46.14,5.78,10.32,103.46,1
6.09,23.36,9.73,1380.29,3.45,48.6,11.76,9.61,63.38,1
5.39,33.02,19.2,1197.62,-8.95,13.53,-0.11,21.47,55.18,0
5.64,23.09,8.49,1629.79,2.31,35.24,5.41,12.28,113.03,1
5.99,24.42,7.02,1480.66,4.97,20.36,8.43,19.55,62.31,1
5.71,22.49,7.07,1288.52,4.44,29.3,6.52,8.56,74.87,1
11.96,12.67,5.54,1191.96,-8.25,54.52,-3.68,3.53,55.2,0
6.15,23.14,7.09,1699.09,4.54,22.88,7.54,15.02,60.45,1
8.55,26.49,11.9,1800.78,-0.11,55.13,16.96,-1.4,125.87,0
6.14,24.37,9.87,1401.23,2.03,34.66,13.35,10.08,63.13,1
4.32,33.85,15.97,1804.82,-2.13,55.92,3.65,1.15,53.79,0
6.39,20.74,9.94,1419.29,2.74,29.53,5.08,6.04,117.13,1
6.26,20.31,9.76,1707.56,1.1,22.46,13.46,5.07,62.98,1
8.33,30.28,13.75,1198.4,13.02,58.69,23.81,24.3,58.75,0
6.48,20.16,9.91,1400.02,4.39,43.66,10.4,9.72,63.7,1
6.44,20.44,8.17,1411.65,1.9,45.67,7.62,7.47,99.0,1
13.1,12.97,16.4,1805.63,12.61,10.8,21.61,27.24,54.35,0
5.98,23.91,6.76,1695.14,1.94,24.42,5.65,7.63,101.44,1
6.77,31.87,2.42,1806.24,-0.05,52.17,24.91,2.9,128.67,0
12.55,25.27,16.39,1191.53,11.36,10.88,4.22,21.94,58.55,0
5.58,21.4,9.56,1596.25,1.19,27.5,8.77,19.65,116.31,1
5.57,24.95,7.19,1266.4,4.28,44.14,11.26,18.41,75.02,1
5.71,23.91,6.3,1307.54,2.63,24.94,5.04,14.51,88.16,1
2.14,28.47,2.29,1806.08,-0.53,17.82,4.31,-1.84,51.74,0
6.21,20.81,7.88,1337.3,1.74,36.59,7.88,10.86,86.18,1
4.81,32.92,2.91,1196.93,12.35,19.5,22.32,22.61,51.3,0
11.3,15.47,16.29,1195.86,5.69,50.26,-4.63,1.49,52.86,0
5.93,21.09,7.25,1266.69,2.68,46.64,7.19,12.81,111.35,1
6.36,23.81,8.74,1240.49,2.18,29.75,8.48,16.5,79.97,1
5.88,24.9,7.47,1775.64,3.58,37.91,13.71,6.3,118.84,1
6.34,24.15,9.0,1757.02,1.81,31.75,11.64,8.01,85.88,1
5.55,22.79,9.1,1324.05,2.63,39.25,5.76,16.73,78.54,1
8.45,15.36,14.25,1806.59,-0.7,11.39,16.63,29.47,129.46,0
6.18,24.61,7.02,1271.69,4.6,29.57,14.88,8.49,85.74,1
9.02,27.26,14.58,1805.83,13.99,55.2,16.54,-3.58,120.24,0
15.96,14.41,11.11,1195.21,10.63,51.21,-3.82,20.4,120.55,0
9.34,30.78,-1.53,1197.65,-2.22,11.73,4.27,26.99,53.23,0
13.27,19.89,-1.94,1809.76,-7.59,14.29,3.17,1.56,127.1,0
5.94,23.06,8.23,1372.63,3.76,36.11,9.8,12.67,81.47,1
5.67,22.39,7.77,1284.77,2.81,49.66,7.93,8.75,70.89,1
2.69,12.7,17.47,1198.72,-7.12,11.97,20.78,21.6,127.65,0
6.49,22.28,6.35,1690.28,1.16,39.66,14.37,13.56,68.04,1
7.64,11.49,10.53,1808.7,8.51,14.48,-0.5,26.66,50.86,0
6.4,23.87,7.94,1450.38,3.54,48.07,5.74,19.22,91.28,1
15.49,31.87,-0.7,1802.85,5.9,12.41,3.5,0.76,125.66,0
6.37,21.01,9.6,1707.07,3.98,40.39,8.38,8.49,106.98,1
5.88,20.99,6.33,1786.7,2.69,37.49,9.62,8.52,81.29,1
5.63,22.11,8.44,1419.05,2.09,46.92,6.95,18.99,63.11,1
-0.06,25.95,18.1,1198.68,13.84,59.6,0.26,3.62,124.9,0
14.08,19.36,15.76,1193.44,9.35,15.1,19.52,-0.81,57.0,0
-0.25,34.17,-3.54,1192.73,10.58,56.24,-4.47,26.01,129.47,0
5.82,24.61,8.26,1621.02,2.7,27.36,8.15,18.6,114.18,1
13.05,18.23,0.33,1190.28,-0.17,58.64,22.57,21.63,124.96,0
5.88,21.62,8.27,1766.74,4.89,36.07,13.26,10.45,87.01,1
-3.27,34.6,1.01,1803.55,7.75,54.87,15.9,3.66,59.06,0
5.58,24.08,9.34,1648.86,2.34,21.69,6.11,10.69,93.99,1
15.23,31.48,19.26,1800.77,9.87,12.75,-1.04,27.4,54.16,0
8.9,19.81,-2.71,1805.05,10.53,54.93,1.82,4.7,52.4,0
13.51,28.07,19.67,1800.55,12.81,57.53,2.52,-0.76,127.0,0
6.25,24.45,9.73,1389.03,3.44,42.47,5.25,14.35,115.35,1
5.54,20.88,7.99,1649.52,4.87,42.65,9.9,6.21,103.46,1
6.08,23.36,7.3,1661.96,4.13,43.87,11.19,11.48,69.67,1
5.9,23.82,6.36,1234.39,1.29,24.83,6.13,8.4,79.48,1
-0.46,17.64,4.29,1199.72,5.45,14.6,3.51,-1.7,52.48,0
12.47,13.4,3.13,1806.26,0.1,51.55,-1.86,25.82,122.45,0
1.77,19.7,15.52,1193.02,8.26,14.52,21.61,-0.77,50.43,0
5.61,21.75,9.43,1226.62,4.2,38.24,12.84,17.15,112.8,1
1.25,12.36,13.19,1198.79,7.81,11.26,17.35,-4.63,126.07,0
6.39,20.51,9.29,1523.1,4.33,49.59,10.1,15.89,93.17,1
12.99,14.22,11.66,1808.44,0.24,17.73,-1.49,23.73,56.31,0
5.51,24.15,9.8,1229.2,4.52,28.43,7.09,12.28,76.18,1
6.37,23.6,7.38,1554.03,3.01,20.52,14.24,10.77,86.92,1
4.35,19.59,18.34,1802.51,13.9,10.68,22.16,-3.53,51.01,0
5.72,20.19,9.38,1587.64,3.57,40.16,14.51,13.51,75.31,1
6.28,24.9,8.14,1736.79,1.06,44.78,13.22,6.53,87.95,1
13.36,11.61,19.59,1805.83,-1.74,17.56,20.48,-3.49,57.07,0
2.71,11.24,-0.87,1809.76,13.7,16.88,-4.73,22.04,50.42,0
2.36,13.84,11.18,1809.72,13.81,15.25,17.92,3.1,51.14,0
6.31,20.26,6.52,1781.52,1.23,30.5,8.95,11.2,76.35,1
-2.2,33.28,-3.7,1199.2,11.12,52.22,1.77,1.41,53.77,0
6.24,21.86,9.82,1486.39,2.29,34.92,8.48,13.81,89.49,1
6.45,20.71,9.2,1655.23,4.54,33.53,12.04,6.71,64.77,1
6.05,22.67,9.24,1441.07,3.82,49.64,14.45,7.96,118.52,1
6.13,21.14,9.94,1786.52,2.17,29.85,5.79,19.89,63.74,1
5.65,23.82,7.3,1422.88,4.61,46.7,11.98,10.66,91.39,1
6.5,23.03,7.81,1616.57,4.04,47.84,7.06,18.16,103.91,1
6.45,22.5,6.3,1321.26,1.05,45.54,11.01,6.39,110.73,1
-1.29,26.31,-1.11,1190.67,10.63,56.96,15.33,29.02,53.79,0
4.94,10.77,12.63,1192.73,5.83,53.48,20.22,28.42,124.58,0
-0.46,15.0,1.43,1800.83,10.16,13.63,-0.48,20.38,122.23,0
6.13,24.29,8.75,1253.85,3.58,26.24,9.13,18.96,64.36,1
12.44,27.75,13.44,1802.6,-5.36,19.1,1.53,1.37,52.19,0
-2.28,29.62,11.72,1198.62,-7.36,11.78,16.18,-3.3,56.21,0
6.29,23.29,9.5,1544.18,3.31,29.85,8.1,17.53,92.62,1
12.58,34.15,12.62,1195.78,-2.81,18.16,0.05,22.93,53.75,0
2.03,28.04,5.4,1196.12,5.9,57.27,2.19,3.85,57.01,0
5.84,20.93,9.62,1475.5,3.27,33.77,13.48,7.61,115.23,1
16.33,31.68,3.97,1198.4,-7.2,55.44,-0.81,-0.62,51.69,0
5.71,21.37,6.42,1209.83,3.72,48.72,11.47,10.2,83.09,1
6.46,23.8,7.28,1357.7,4.99,22.92,13.73,16.41,110.01,1
6.4,24.16,7.28,1332.66,1.74,46.62,5.58,9.15,62.33,1
0.36,30.06,4.33,1801.59,10.0,50.35,-0.55,-3.15,55.91,0
5.89,24.49,9.34,1586.38,3.23,49.55,13.14,8.93,66.78,1
5.9,21.5,7.32,1276.22,2.06,48.42,9.2,12.03,60.96,1
5.68,20.98,9.21,1737.83,2.61,30.29,9.05,17.17,88.71,1
6.73,28.38,17.13,1198.73,-8.74,57.44,24.9,20.39,125.34,0
6.48,21.1,8.08,1721.11,2.09,35.3,9.49,14.61,84.4,1
9.82,12.92,10.46,1190.69,-3.18,53.26,22.55,28.81,128.96,0
6.02,24.2,6.36,1323.19,4.46,43.19,7.25,15.02,75.07,1
-3.8,28.57,4.06,1808.26,0.01,53.97,15.12,27.65,124.19,0
6.09,21.38,6.58,1669.56,1.96,39.24,11.27,8.57,95.79,1
5.53,21.11,7.99,1332.97,4.16,21.11,13.8,14.91,118.98,1
4.84,27.91,11.5,1192.12,0.89,57.64,-3.63,-2.6,123.55,0
5.59,24.81,9.85,1649.49,1.34,38.82,7.22,16.22,75.87,1
6.47,23.12,6.16,1316.07,4.39,23.0,5.38,12.19,89.7,1
-3.22,30.86,13.98,1803.33,-6.8,52.36,0.79,-4.95,57.8,0
5.72,24.18,7.07,1667.43,2.13,48.05,12.12,18.05,116.24,1
4.13,12.93,1.72,1807.0,-6.66,18.38,15.55,-1.06,126.26,0
6.33,22.97,8.33,1371.15,1.07,25.52,7.55,9.37,85.19,1
-2.83,28.68,18.94,1196.64,-0.41,18.68,21.09,20.63,55.94,0
5.38,11.81,1.09,1192.01,8.56,56.33,23.31,26.8,53.29,0
6.97,26.66,15.46,1194.44,7.54,58.34,23.49,3.37,124.52,0
5.92,21.02,9.18,1689.53,3.23,38.66,11.73,7.7,76.5,1
14.06,10.61,15.13,1192.12,-2.45,17.56,0.95,3.47,55.8,0
5.95,23.23,7.59,1511.66,3.43,49.0,7.87,5.18,74.42,1
4.54,34.9,-1.52,1805.29,-8.77,50.14,19.46,20.48,57.26,0
14.62,26.78,1.48,1192.21,5.55,19.39,15.45,26.75,121.8,0
-3.45,29.61,16.62,1193.09,0.21,11.37,-4.07,21.02,57.68,0
5.72,20.52,6.49,1435.1,3.34,25.1,11.65,6.19,65.47,1
13.37,16.1,17.66,1193.49,-4.89,51.22,0.68,26.18,53.46,0
1.74,17.58,3.95,1193.07,13.67,54.79,20.58,25.44,123.52,0
15.76,13.06,18.58,1199.69,6.85,16.41,22.28,24.56,58.17,0
5.95,22.7,9.5,1200.43,3.89,37.18,10.48,6.12,94.9,1
6.5,22.94,7.25,1736.66,3.63,20.75,5.24,17.09,86.17,1
5.89,21.34,6.43,1468.32,1.53,28.6,6.35,9.6,93.39,1
5.87,22.4,8.8,1543.77,1.82,22.7,13.31,13.82,109.3,1
5.69,24.86,8.36,1423.25,1.58,31.46,8.81,11.96,81.58,1
-4.41,29.61,13.42,1197.63,11.71,55.11,22.05,4.22,56.0,0
6.15,20.2,9.53,1488.11,1.62,33.13,12.83,18.51,93.76,1
5.9,23.29,9.89,1444.24,4.62,27.63,12.05,15.91,84.38,1
6.01,23.27,7.0,1789.58,4.07,38.21,12.89,13.89,69.75,1
6.48,24.77,9.49,1212.49,2.26,41.93,8.97,6.97,82.14,1
-0.19,26.32,-3.85,1199.66,0.74,14.14,-2.67,-0.04,123.18,0
6.13,23.13,7.5,1649.66,4.98,21.8,13.43,14.99,90.39,1
-1.98,32.64,14.04,1809.88,-8.63,57.1,-2.38,2.98,126.54,0
5.84,24.1,8.63,1273.26,2.87,35.33,10.81,15.44,61.57,1
6.14,24.52,8.52,1723.33,3.25,43.63,9.09,15.12,89.8,1
-0.4,32.93,16.33,1190.76,12.63,56.91,16.42,22.89,52.53,0
5.86,23.42,9.8,1296.08,3.85,33.64,5.87,19.45,76.13,1
6.98,16.8,15.73,1197.89,5.24,57.9,-4.33,25.17,55.25,0
3.36,14.93,15.63,1800.42,-2.65,19.15,19.33,-3.89,123.08,0
5.6,23.74,7.36,1626.01,1.18,42.46,9.24,8.88,90.63,1
6.83,10.46,0.92,1804.56,0.85,18.15,23.22,3.5,51.76,0
13.93,30.13,16.89,1191.34,13.53,12.44,-3.88,-2.58,120.18,0
10.66,34.89,18.98,1190.34,-2.83,17.58,19.97,-4.23,57.92,0
5.81,22.05,7.1,1255.19,4.05,24.82,6.56,6.19,89.61,1
6.31,23.68,9.01,1624.58,3.48,28.98,11.82,19.06,68.9,1
5.51,24.65,7.98,1424.13,2.32,38.62,8.33,8.49,80.58,1
5.72,24.58,6.65,1277.38,3.23,22.62,12.34,10.75,118.72,1
6.06,20.44,9.79,1392.39,4.34,21.85,14.32,9.26,80.24,1
13.2,14.06,5.2,1197.53,-0.58,52.98,23.15,28.61,58.08,0
2.23,28.56,11.79,1191.81,-5.62,52.13,15.6,29.1,128.52,0
6.43,23.61,8.57,1539.19,3.59,31.2,13.56,10.92,114.42,1
11.25,33.8,-2.92,1194.29,13.71,55.09,0.54,24.24,50.44,0
6.34,21.85,6.58,1335.44,1.63,42.98,8.44,8.92,77.98,1
5.98,23.12,8.11,1278.17,3.62,24.75,6.27,11.63,76.03,1
15.63,26.57,3.15,1199.6,0.85,10.09,15.58,-2.15,53.66,0
10.86,17.76,2.24,1197.6,11.66,56.86,18.75,24.87,126.17,0
7.59,34.56,11.54,1809.87,13.99,51.34,-2.12,-0.19,127.57,0
-2.23,11.98,-1.34,1195.9,7.26,56.39,-3.25,-0.28,123.23,0
5.65,20.48,8.63,1487.82,3.36,35.33,14.2,8.09,93.35,1
8.64,17.63,16.93,1809.88,6.42,15.21,21.22,-0.19,125.61,0
-3.75,34.22,11.97,1194.86,-5.37,58.54,16.64,29.09,57.67,0
-1.32,25.61,14.07,1803.14,6.78,17.12,20.12,21.86,52.9,0
5.72,23.16,9.76,1419.82,3.05,24.26,9.01,8.32,112.9,1
6.04,24.28,9.89,1354.64,2.6,24.9,14.47,7.5,80.68,1
1.04,32.39,0.27,1197.38,13.51,56.56,-2.02,-1.3,127.67,0
5.78,24.71,9.72,1410.66,4.18,27.47,13.52,12.15,93.29,1
6.21,22.48,9.94,1706.32,4.81,23.85,8.47,17.38,114.5,1
13.94,13.97,19.88,1191.78,-1.21,10.2,21.64,-4.85,53.36,0
5.69,23.08,8.01,1386.89,4.93,36.71,14.37,15.97,89.02,1
1.43,15.42,2.25,1197.3,-4.43,13.86,-2.0,0.06,52.88,0
8.7,13.46,5.2,1191.0,-1.87,55.38,-4.81,27.6,123.16,0
6.06,21.25,8.36,1658.98,1.76,29.35,9.62,6.13,97.13,1
6.13,21.25,7.01,1720.91,3.3,20.77,14.04,13.32,119.7,1
9.34,25.44,17.78,1806.75,-3.61,59.22,-3.97,1.98,57.91,0
9.08,18.24,19.96,1801.29,-2.47,13.58,3.44,2.47,121.84,0
5.83,22.92,7.24,1472.18,3.68,23.45,12.98,12.17,77.04,1
4.81,17.97,0.05,1809.95,-5.03,12.28,4.13,24.11,55.17,0
12.55,29.43,14.47,1809.45,12.12,59.67,22.35,27.01,125.55,0
-2.42,11.38,-0.29,1192.7,-6.52,11.86,0.56,27.59,55.31,0
12.54,27.75,10.79,1805.55,-0.32,17.63,-2.43,24.75,123.69,0
10.39,19.63,-3.94,1806.83,8.59,56.31,1.87,26.45,51.22,0
5.79,24.32,7.22,1481.96,2.55,25.59,12.83,18.02,82.1,1
5.69,24.67,7.45,1774.39,2.22,34.18,13.21,14.4,97.36,1
3.06,29.58,4.55,1192.55,14.96,57.03,-0.63,-0.32,129.81,0
9.8,29.09,0.94,1196.97,13.65,54.24,-1.16,-2.4,57.72,0
16.39,12.79,11.69,1807.52,-3.95,19.24,24.09,0.25,54.3,0
14.42,27.03,2.83,1196.52,0.72,18.36,24.15,4.53,54.92,0
6.42,20.46,8.44,1226.28,3.54,20.04,7.04,10.48,119.11,1
15.43,12.52,17.18,1801.7,10.28,16.96,18.35,1.31,51.08,0
6.04,23.11,8.7,1680.84,3.12,36.39,9.47,7.2,117.13,1
12.43,10.09,2.78,1803.07,-6.85,14.27,-4.48,4.21,123.32,0
6.5,21.17,6.95,1799.95,4.06,36.83,5.75,7.08,91.85,1
5.61,22.68,7.58,1626.02,2.61,25.99,6.65,17.81,109.3,1
15.65,15.32,-3.9,1805.42,11.95,52.58,-0.51,-4.71,51.38,0
6.25,23.51,7.91,1409.9,1.32,23.51,6.21,19.35,76.95,1
7.98,10.03,3.64,1198.93,6.71,59.55,0.49,1.79,121.96,0
6.21,23.98,9.64,1461.48,1.37,31.16,11.79,9.98,86.85,1
7.56,15.7,4.06,1196.77,-4.16,11.66,0.64,4.88,53.87,0
6.37,20.46,7.87,1268.06,3.35,38.64,5.63,11.28,66.94,1
0.7,27.06,13.5,1195.93,-8.45,52.79,-3.33,-4.1,128.65,0
12.99,33.79,-0.7,1805.52,5.39,19.57,-3.39,2.89,125.9,0
5.66,21.63,6.22,1485.85,2.66,27.0,8.53,13.3,66.01,1
7.29,17.19,-2.14,1195.76,11.04,10.4,22.95,-1.22,129.7,0
6.2,23.27,8.39,1453.69,1.76,22.36,10.95,15.49,62.4,1
8.78,27.57,3.71,1806.94,-2.87,51.32,20.03,29.98,123.84,0
5.66,20.83,7.09,1792.39,3.04,35.75,11.08,8.33,95.22,1
12.26,33.73,2.8,1190.61,-8.56,53.04,-1.52,22.67,122.74,0
-0.15,11.84,11.76,1197.19,6.7,54.63,23.71,-2.78,51.19,0
6.06,22.26,9.01,1798.25,3.86,43.13,6.28,11.57,109.07,1
13.7,18.77,14.15,1802.4,9.99,18.49,17.83,28.97,58.39,0
-3.53,15.02,14.24,1198.03,-5.1,16.89,22.02,21.97,58.58,0
12.99,17.74,0.02,1196.97,-0.86,15.01,-0.3,28.27,121.32,0
-4.25,28.48,12.55,1196.38,-7.75,15.98,-2.12,-3.56,120.75,0
0.14,28.76,5.75,1806.74,5.38,10.07,18.28,-1.75,127.78,0
5.15,27.8,16.82,1191.38,-3.37,15.99,-2.89,29.78,129.83,0
6.35,22.72,8.31,1219.84,2.07,21.55,11.11,10.03,92.92,1
6.19,23.04,8.64,1485.71,3.53,39.22,7.36,16.53,105.63,1
5.82,20.25,6.27,1544.42,4.32,24.02,5.57,8.99,61.49,1
5.63,24.14,6.44,1746.73,4.54,35.88,8.66,15.11,105.94,1
5.91,20.59,7.57,1672.35,2.23,42.84,6.58,9.69,98.11,1
5.97,24.46,9.71,1231.99,4.4,33.41,9.98,10.34,63.48,1
13.43,13.79,16.57,1199.09,-3.68,11.29,3.27,20.42,128.09,0
-2.32,10.0,-0.21,1195.58,6.1,12.03,-4.95,24.89,127.84,0
13.88,33.53,4.83,1192.92,9.68,58.11,20.95,-3.18,124.56,0
7.44,34.36,15.77,1804.92,13.63,58.49,2.3,25.76,129.26,0
10.0,31.12,-0.75,1193.77,8.28,50.79,2.88,23.06,126.57,0
0.72,28.86,13.38,1801.89,6.08,53.85,19.65,0.85,125.58,0
5.91,24.61,9.35,1383.16,2.14,47.83,7.65,10.59,62.23,1
6.17,23.14,6.8,1386.38,1.71,40.27,11.11,19.36,93.77,1
7.15,17.63,13.86,1197.0,8.77,53.12,17.9,1.54,50.98,0
4.79,25.26,11.02,1806.61,10.24,15.27,4.34,-2.61,59.56,0
6.3,22.62,9.4,1482.28,2.53,34.53,11.24,18.32,76.41,1
5.86,21.7,9.29,1585.36,4.14,20.26,5.24,7.88,115.88,1
16.44,30.61,-3.69,1802.82,12.72,52.23,-0.56,0.05,56.26,0
3.27,30.08,14.93,1193.86,13.68,16.61,19.1,-0.91,59.22,0
-0.11,17.05,10.12,1805.46,-7.63,19.19,22.64,3.8,124.01,0
2.91,18.99,-2.68,1198.43,-4.42,59.65,-4.52,23.74,128.73,0
6.0,21.82,7.01,1307.7,2.33,26.59,10.43,14.87,104.91,1
5.55,21.41,8.32,1282.23,1.23,20.85,5.33,14.97,118.19,1
6.4,20.03,7.08,1709.48,2.03,43.24,9.63,6.32,92.56,1
3.81,34.48,3.63,1191.27,8.95,11.16,16.01,3.34,125.91,0
3.63,27.14,0.43,1803.8,-4.42,10.93,0.38,-0.56,129.63,0
5.59,22.15,7.61,1627.55,4.97,32.25,5.52,5.68,83.5,1
-2.61,31.96,-2.74,1199.11,11.95,15.99,-2.12,0.94,56.72,0
6.16,21.39,9.93,1752.59,4.91,24.46,8.79,15.94,80.73,1
5.67,20.45,6.91,1397.59,4.04,20.14,7.73,10.83,102.8,1
8.8,10.59,1.12,1191.16,-4.28,53.44,-1.98,1.67,54.25,0
-1.42,15.34,5.7,1808.45,9.88,11.99,22.39,24.22,126.58,0
-3.18,12.75,15.73,1802.3,14.1,58.0,0.64,-4.42,59.39,0
5.54,22.27,7.07,1294.38,2.13,33.1,11.86,10.68,89.12,1
6.46,24.59,6.03,1601.45,2.42,30.45,5.44,11.07,99.44,1
6.22,20.72,9.79,1409.87,3.67,20.29,10.13,14.52,115.41,1
6.02,20.42,8.87,1318.28,3.39,41.78,11.56,11.76,107.03,1
9.27,28.07,18.99,1195.5,10.52,56.0,-4.55,4.08,54.57,0
9.8,34.02,-1.35,1190.14,13.33,51.33,-0.09,1.89,51.17,0
5.29,31.76,3.19,1800.31,7.31,51.47,23.8,20.69,56.74,0
2.3,27.54,-3.44,1198.24,-0.83,16.75,-0.99,3.21,57.46,0
5.59,20.98,6.4,1406.1,1.48,20.18,5.68,17.78,102.12,1
4.21,12.33,2.52,1802.08,-6.28,57.82,-4.0,-0.66,127.6,0
15.35,33.36,3.78,1197.9,-7.68,50.78,-1.2,-2.0,57.65,0
11.38,29.84,19.69,1199.04,-5.56,55.21,2.52,24.85,123.49,0
-2.28,32.73,12.19,1197.56,14.16,50.7,24.04,29.15,58.64,0
5.79,21.14,9.01,1252.58,1.88,44.7,13.08,18.83,87.64,1
12.17,10.51,18.77,1807.95,-1.21,16.15,15.61,4.53,57.29,0
-2.37,33.55,-1.67,1195.12,11.44,50.72,18.76,0.13,57.81,0
-1.64,28.58,-3.1,1199.23,6.09,54.59,21.86,22.34,125.15,0
6.16,24.63,6.96,1222.07,2.06,23.5,14.44,19.52,104.48,1
8.79,16.68,18.27,1803.15,-4.68,52.67,-3.15,23.69,123.32,0
3.61,32.92,2.29,1801.04,-6.23,18.89,19.79,29.1,125.48,0
12.78,25.78,11.6,1190.57,-0.23,53.8,4.45,21.1,124.51,0
5.8,22.55,9.1,1490.93,2.85,42.14,10.09,10.7,101.33,1
6.32,23.24,8.15,1697.77,3.52,24.16,6.19,5.54,73.69,1
2.06,18.16,1.5,1197.74,6.54,51.45,18.93,27.47,127.48,0
5.84,21.23,8.67,1635.45,4.6,23.6,9.94,17.95,95.61,1
5.72,22.53,7.2,1428.88,2.19,23.07,10.38,6.86,93.46,1
11.84,33.29,-3.97,1808.25,13.85,18.57,18.22,1.69,56.44,0
5.91,24.1,9.69,1447.57,2.43,42.15,9.36,5.93,67.2,1
6.17,23.45,7.43,1663.92,4.53,47.68,7.28,10.46,94.92,1
6.05,21.07,7.13,1551.66,2.35,48.5,13.76,8.92,80.07,1
5.74,22.63,6.56,1735.82,2.83,48.84,6.92,13.9,72.34,1
15.44,27.71,15.12,1803.94,10.76,57.98,23.73,22.2,56.4,0
5.84,24.94,6.38,1588.9,4.33,39.98,11.92,13.69,88.91,1
0.9,30.32,19.97,1192.77,0.7,53.39,3.29,27.68,121.87,0
6.37,24.12,9.46,1786.4,4.62,40.12,11.95,7.39,73.36,1
-2.37,30.99,2.02,1806.61,-1.67,56.77,2.91,-1.89,54.79,0
-2.7,11.55,18.17,1809.56,-8.42,59.49,-3.72,24.39,57.68,0
10.33,15.96,1.98,1801.2,-0.88,58.17,-1.37,1.59,128.24,0
9.54,28.59,2.66,1196.73,-6.56,14.8,20.98,-0.91,58.47,0
-2.73,12.72,14.09,1196.15,6.34,57.72,19.9,21.11,124.58,0
5.73,21.29,7.13,1748.65,3.87,34.94,10.02,12.93,99.54,1
6.21,22.11,7.94,1369.81,2.34,44.78,10.54,8.7,61.27,1
6.48,23.08,7.88,1269.38,1.75,20.45,11.72,9.66,110.28,1
6.1,22.17,6.45,1580.95,2.64,42.95,12.84,18.09,69.18,1
6.07,24.32,8.79,1428.69,2.77,49.68,5.67,11.0,91.46,1
1.72,27.5,11.03,1199.25,0.16,12.83,-3.51,-2.37,127.84,0
5.76,23.49,7.42,1514.88,2.99,39.67,6.44,9.88,64.56,1
5.86,21.61,7.31,1372.29,4.3,21.55,8.04,12.02,103.73,1
7.05,15.09,10.86,1805.97,-0.13,54.13,22.0,26.22,122.45,0
6.05,24.31,7.87,1457.55,4.94,40.88,11.34,7.36,84.15,1
13.98,25.25,18.3,1192.34,-5.52,11.16,15.66,29.38,53.58,0
5.84,23.89,8.42,1374.87,4.96,37.21,7.9,16.08,105.56,1
6.03,20.14,6.74,1252.81,1.74,30.09,12.5,13.72,118.33,1
6.15,21.21,6.41,1781.93,4.18,42.78,13.52,7.08,112.78,1
5.61,22.66,7.89,1201.05,2.53,49.11,11.11,5.55,89.46,1
13.93,26.09,10.43,1197.23,9.75,57.27,18.01,4.04,129.1,0
5.68,20.9,6.62,1301.99,3.67,31.94,9.52,6.32,66.83,1
5.73,23.93,8.06,1337.96,3.36,30.23,13.27,6.47,97.02,1
11.34,27.57,3.87,1193.86,-1.17,57.09,-4.35,22.71,52.1,0
9.58,31.47,15.58,1198.4,-3.3,58.08,17.6,29.76,51.64,0
6.39,24.05,7.85,1753.71,1.79,29.91,13.22,14.89,113.73,1
6.21,23.65,9.38,1367.0,4.71,35.71,11.12,12.54,90.24,1
5.62,21.5,7.8,1641.36,1.93,43.0,9.74,16.34,80.36,1
5.6,22.74,7.67,1593.43,4.8,25.49,13.78,13.77,77.62,1
6.25,23.43,6.98,1445.38,3.01,41.9,7.0,13.59,64.92,1
-1.9,34.05,17.48,1800.66,7.71,58.98,1.75,22.22,124.94,0
6.28,22.46,8.28,1526.88,3.2,20.74,10.31,6.51,100.63,1
6.73,25.39,18.62,1194.77,8.85,53.66,-4.89,-3.41,126.5,0
12.25,31.18,-0.85,1807.76,5.47,15.27,2.38,22.49,120.91,0
15.99,14.2,3.81,1195.78,9.77,18.52,22.44,20.78,123.55,0
-4.31,10.2,13.84,1195.49,-3.07,51.39,24.94,27.47,129.79,0
7.85,28.02,18.53,1804.2,-1.01,58.5,19.25,26.74,125.42,0
6.15,22.91,6.11,1353.44,1.53,21.05,6.0,6.59,78.41,1
13.14,27.14,17.72,1804.51,9.13,13.09,-0.29,25.26,120.16,0
-0.61,11.5,1.41,1193.66,-8.51,55.92,16.15,26.37,58.12,0
10.74,28.94,16.14,1193.12,6.07,18.7,0.47,0.63,59.25,0
13.51,32.53,-3.67,1809.23,7.79,51.47,22.89,-2.85,58.95,0
10.05,25.98,16.45,1194.35,5.73,53.68,3.26,25.93,59.79,0
7.77,32.4,2.63,1198.5,14.16,59.7,0.85,26.45,51.67,0
12.42,34.57,4.06,1195.0,6.46,17.78,-3.29,-3.32,127.55,0
11.73,32.8,14.18,1195.25,-8.08,51.96,-0.51,26.55,124.51,0
5.77,23.34,7.17,1743.76,2.83,47.32,12.73,10.53,93.8,1
6.41,24.82,7.95,1554.07,1.7,35.03,13.58,8.63,91.06,1
2.19,30.43,19.7,1809.98,0.44,13.45,2.17,28.84,120.7,0
9.14,25.5,3.96,1192.88,8.22,54.0,-0.27,20.12,52.9,0
-3.13,28.27,4.67,1193.89,-3.37,16.32,17.31,29.7,57.59,0
6.3,23.23,7.14,1654.99,2.8,28.09,12.99,10.32,98.38,1
6.01,24.55,9.05,1480.0,4.84,49.26,13.97,7.96,95.79,1
-0.44,16.23,19.55,1808.58,-0.19,13.26,17.86,-2.77,50.12,0
0.66,28.24,13.92,1800.53,11.09,10.42,1.11,25.62,120.14,0
5.53,23.78,7.28,1349.32,1.01,27.81,8.12,9.87,105.03,1
7.27,26.83,14.31,1800.98,12.37,56.89,2.61,-3.71,120.67,0
8.73,25.47,14.99,1194.21,6.69,52.57,15.53,-1.72,58.71,0
5.61,23.04,9.87,1490.83,2.8,20.37,7.87,7.34,103.6,1
9.5,14.68,2.02,1802.61,-7.69,58.61,22.02,1.97,53.58,0
6.23,20.31,6.18,1438.13,3.56,31.31,14.79,7.71,99.22,1
5.94,20.87,8.83,1633.28,1.53,35.88,13.11,13.98,114.42,1
10.64,18.03,-3.32,1193.76,7.22,18.83,-3.42,20.77,57.39,0
6.2,20.57,9.52,1583.95,2.6,35.75,6.63,11.7,109.25,1
13.01,34.31,18.73,1807.58,-2.76,52.02,-0.36,23.87,125.23,0
0.44,16.23,11.0,1194.31,6.12,56.58,-0.8,25.11,57.71,0
6.13,20.83,9.17,1574.18,1.28,35.41,11.66,13.61,69.63,1
3.0,29.67,18.58,1809.15,-4.94,59.25,2.0,1.73,56.27,0
5.78,20.68,6.37,1399.45,2.8,35.2,12.71,8.09,65.03,1
-2.58,19.44,13.48,1802.15,-4.47,55.99,19.29,3.79,52.48,0
-1.21,29.36,13.47,1191.74,-6.98,50.49,21.75,4.45,56.68,0
6.01,23.36,9.52,1334.59,2.66,29.03,5.34,10.52,94.38,1
6.01,21.14,8.55,1687.53,2.1,24.66,5.45,11.66,74.94,1
7.39,31.45,10.9,1195.21,-7.79,19.6,19.57,4.77,121.74,0
10.03,11.45,5.56,1199.6,10.12,54.58,23.87,25.67,122.81,0
13.23,29.11,3.34,1804.36,-4.48,19.24,24.48,4.23,57.8,0
4.9,14.4,10.14,1805.8,0.58,56.1,-3.59,1.91,124.83,0
6.96,13.72,14.97,1197.85,8.85,10.44,24.82,-2.45,53.75,0
4.3,27.52,13.78,1197.7,-0.14,57.16,17.73,-0.54,123.52,0
-0.86,29.15,11.26,1807.03,10.84,55.52,-0.48,-2.49,121.34,0
3.82,14.0,4.24,1190.18,-0.95,59.92,16.25,-1.57,129.78,0
6.06,23.86,8.76,1706.28,4.02,46.53,10.41,18.87,90.81,1
5.06,10.5,15.71,1808.07,9.54,17.21,3.92,24.42,129.14,0
13.47,13.41,4.52,1808.96,10.25,52.32,15.25,22.44,128.84,0
5.92,21.1,9.97,1437.16,2.46,35.74,8.47,16.05,96.0,1
-0.73,16.96,2.93,1807.1,-7.89,59.8,21.46,2.78,55.32,0
4.41,12.43,3.86,1198.57,11.04,59.44,-2.44,-4.36,56.05,0
3.17,18.0,11.69,1809.06,9.6,18.74,2.88,0.45,125.09,0
12.23,33.99,1.42,1194.29,-7.12,53.21,22.02,-3.8,125.5,0
5.69,22.49,8.81,1232.81,3.0,43.45,7.84,17.35,83.87,1
11.35,32.05,10.21,1809.07,-5.31,53.92,18.77,29.5,120.39,0
6.3,21.4,8.94,1438.06,1.67,48.26,11.84,6.49,110.3,1
11.69,26.06,-2.46,1806.67,12.72,59.47,3.5,21.33,58.52,0
5.9,23.61,7.04,1590.05,3.25,29.14,13.48,9.95,74.36,1
2.86,11.75,18.43,1195.45,-3.12,14.96,22.88,0.35,127.29,0
6.05,22.65,8.32,1705.81,2.19,44.95,14.68,18.4,68.22,1
14.34,19.5,-2.09,1192.32,14.43,59.48,-3.74,24.9,59.86,0
-2.14,14.97,12.55,1804.38,-2.0,15.49,2.74,4.46,129.03,0
5.95,22.41,8.82,1526.16,3.39,41.51,10.51,9.12,101.0,1
5.95,22.76,7.38,1684.98,3.55,26.19,11.5,14.91,106.95,1
6.11,24.15,8.72,1714.61,3.94,22.15,10.76,7.68,106.89,1
9.76,26.5,0.76,1801.14,5.92,54.9,0.6,0.36,57.67,0
-3.15,32.29,11.47,1807.73,12.96,12.88,-4.55,-2.03,52.54,0
13.26,10.68,15.33,1190.34,-6.02,54.33,4.1,26.16,56.91,0
16.16,26.81,14.57,1807.88,-8.48,57.26,-2.31,20.5,54.69,0
6.22,24.4,8.44,1722.68,2.44,36.81,12.02,18.0,73.54,1
8.16,31.15,4.43,1809.01,8.75,56.6,23.59,27.74,121.34,0
5.96,21.56,7.69,1535.9,3.64,46.24,12.95,7.81,98.17,1
5.91,24.26,8.14,1378.51,2.8,27.56,8.25,11.47,83.35,1
-2.34,14.11,2.54,1198.39,9.24,53.08,0.07,27.6,53.29,0
-2.71,14.07,11.42,1193.77,11.14,59.88,3.83,3.46,120.99,0
6.46,22.93,7.99,1540.89,3.16,46.86,9.5,10.58,87.9,1
5.97,21.56,8.94,1470.81,1.84,31.93,12.53,14.42,77.34,1
6.1,24.25,6.19,1323.43,4.63,36.81,12.29,6.17,93.36,1
1.62,29.61,13.19,1806.07,6.14,19.37,4.28,-1.26,123.71,0
16.16,29.58,0.43,1802.4,-5.98,15.94,2.9,2.18,51.32,0
5.72,22.14,9.14,1280.53,1.0,37.03,6.29,11.55,118.46,1
5.89,20.45,6.5,1213.3,3.7,27.99,8.43,14.03,117.48,1
5.54,22.49,9.77,1766.46,4.38,29.34,8.66,16.35,106.01,1
0.49,33.4,5.63,1803.41,11.35,52.0,-4.86,-3.55,51.54,0
6.33,20.6,7.15,1740.93,3.19,32.7,5.12,10.43,92.53,1
7.05,14.92,5.54,1193.14,-7.2,55.76,1.44,2.36,123.1,0
5.91,20.27,9.61,1487.05,4.13,20.51,13.48,12.61,71.53,1
6.18,23.45,6.08,1649.53,4.3,47.23,8.69,19.68,86.4,1
5.77,20.18,8.28,1494.47,2.47,24.81,6.49,8.19,89.33,1
5.95,21.02,6.94,1328.98,3.3,37.98,7.04,14.28,119.39,1
6.35,20.9,9.9,1262.99,4.13,41.39,7.84,10.75,117.19,1
6.37,23.24,8.97,1722.96,1.31,26.68,11.41,18.28,79.01,1
5.5,24.06,7.63,1641.96,1.94,30.67,12.97,11.47,81.65,1
6.06,21.34,6.38,1273.08,2.65,22.71,12.69,15.59,78.41,1
-1.0,17.34,15.09,1805.76,-2.17,10.04,22.7,-2.46,123.69,0
6.3,24.92,6.32,1356.9,4.83,31.01,8.61,14.87,65.52,1
6.31,21.71,8.75,1356.54,2.59,35.32,12.29,10.16,67.08,1
5.84,20.41,9.43,1731.06,3.15,41.24,7.33,7.14,77.67,1
6.95,11.02,5.89,1197.56,-3.25,13.69,20.24,-1.2,123.65,0
6.89,26.4,2.92,1196.06,-1.94,12.36,22.89,22.14,123.65,0
5.55,21.49,7.91,1560.37,1.8,43.78,5.47,14.64,77.37,1
4.44,31.25,18.0,1192.1,7.98,56.65,19.8,-0.28,50.46,0
5.21,16.22,1.21,1809.46,5.43,12.75,24.61,27.31,59.69,0
3.33,13.99,18.04,1199.78,-6.88,13.44,-2.85,4.42,126.02,0
12.03,26.23,14.77,1801.58,13.72,18.96,15.91,-2.72,59.19,0
10.15,27.22,13.25,1190.57,12.31,10.56,18.68,21.28,124.42,0
6.02,20.96,7.4,1656.54,4.91,22.02,14.78,9.17,82.37,1
3.14,33.8,-0.05,1197.56,11.0,58.93,17.49,-4.04,57.61,0
8.65,12.67,-3.52,1801.1,6.55,51.34,-4.67,21.19,121.78,0
5.86,22.46,6.16,1378.33,1.22,41.47,11.41,5.74,89.14,1
6.14,20.58,7.03,1768.23,3.4,31.59,11.3,10.21,77.65,1
6.12,24.8,6.25,1209.01,3.56,21.53,11.85,14.46,103.29,1
9.6,33.86,-3.57,1194.63,0.73,57.17,15.87,2.21,59.31,0
5.91,22.0,8.38,1413.31,4.46,26.09,9.67,12.25,113.41,1
0.67,32.05,4.01,1804.32,-6.02,18.93,0.25,-2.83,57.12,0
13.13,19.49,1.33,1806.65,-5.25,53.58,1.52,2.36,57.58,0
-3.04,10.09,-2.14,1800.68,5.23,56.18,17.56,23.11,56.2,0
8.63,11.13,11.99,1198.91,7.99,12.5,18.15,21.75,120.83,0
2.14,17.87,15.19,1192.0,-0.27,17.34,21.31,3.64,52.46,0
5.96,22.86,9.61,1751.6,4.5,27.82,9.92,11.83,72.28,1
7.99,14.27,5.76,1804.17,13.2,55.84,24.0,22.25,122.74,0
11.7,10.61,13.85,1805.43,0.59,52.7,16.33,22.69,125.69,0
6.18,23.74,8.92,1673.54,1.46,32.21,5.87,15.84,87.03,1
6.26,23.46,9.29,1424.19,3.96,29.13,7.66,17.47,113.3,1
-3.2,29.49,17.65,1804.54,-6.37,56.08,3.73,24.0,51.58,0
6.15,21.91,6.82,1411.07,3.29,42.07,13.77,17.47,78.97,1
5.95,22.93,9.09,1613.89,3.92,44.52,7.02,18.44,71.96,1
11.99,18.15,13.48,1198.58,0.88,53.9,20.69,21.69,123.6,0
5.53,20.68,8.34,1757.76,4.61,44.76,11.75,8.3,115.43,1
5.89,24.73,9.14,1430.05,3.83,49.31,6.2,12.91,119.35,1
5.91,22.49,6.67,1489.59,2.67,28.43,13.82,7.39,118.87,1
1.14,18.77,3.07,1804.57,10.6,56.83,-1.15,25.45,58.0,0
6.04,21.7,8.07,1729.98,4.28,38.91,9.3,15.0,91.65,1
-1.84,19.87,-2.03,1804.57,6.44,18.46,18.7,21.46,123.1,0
-2.07,10.88,1.11,1195.84,6.19,53.33,-2.22,-0.34,56.47,0
3.06,16.29,-3.18,1803.12,-2.12,14.11,22.27,25.72,120.39,0
6.22,24.07,6.6,1742.67,2.33,27.61,13.64,17.86,67.53,1
6.47,22.61,9.57,1656.8,1.18,25.18,12.72,7.19,93.81,1
6.28,22.54,7.77,1784.65,1.93,29.88,11.77,6.55,76.31,1
13.15,18.51,12.84,1807.08,11.18,55.52,19.27,-4.63,123.84,0
3.24,27.34,12.31,1195.47,5.63,18.55,3.32,0.05,51.49,0
9.9,12.96,14.07,1199.65,-8.78,51.57,-1.24,20.48,54.1,0
0.09,29.14,17.52,1199.44,-7.12,51.12,-0.19,20.16,128.87,0
6.03,24.83,8.07,1303.02,3.77,40.1,14.51,13.87,113.55,1
5.81,21.55,6.07,1757.56,2.71,39.52,13.24,19.65,92.05,1
5.96,22.9,9.81,1423.36,4.15,47.84,10.97,18.61,92.93,1
12.39,13.91,13.52,1190.76,9.81,14.05,-2.87,29.93,121.46,0
1.03,26.38,5.16,1197.95,13.81,56.11,-4.5,20.72,126.8,0
-0.67,16.47,2.46,1199.14,-5.3,57.17,4.65,4.11,129.63,0
6.23,24.62,6.33,1650.08,4.35,48.53,7.1,17.63,111.87,1
3.82,13.24,11.55,1192.09,-1.34,10.29,-3.05,21.29,58.26,0
5.57,24.4,9.97,1463.17,2.17,22.46,6.35,6.7,73.89,1
8.56,17.22,11.86,1800.45,-4.94,16.29,3.72,-2.92,59.89,0
5.98,23.6,9.59,1200.74,4.76,44.58,8.35,9.68,64.94,1
15.84,34.14,12.88,1806.43,11.36,52.92,18.25,-4.89,50.62,0
5.12,26.09,14.85,1801.51,12.99,55.48,23.13,28.47,56.79,0
6.04,20.5,9.69,1276.39,4.61,48.99,10.48,9.71,109.64,1
3.11,27.27,0.6,1192.13,11.03,51.84,17.0,-3.67,122.06,0
6.48,23.69,9.87,1678.33,2.05,30.86,8.43,6.89,74.78,1
0.58,33.69,10.45,1199.09,14.6,56.07,21.94,25.28,120.92,0
6.18,21.29,9.52,1532.95,4.57,43.83,10.56,18.36,101.17,1
11.85,29.2,18.36,1190.94,7.47,51.61,24.57,23.92,57.57,0
3.09,19.72,11.57,1803.18,-8.64,10.97,-0.0,26.61,57.41,0
1.03,17.52,-3.17,1192.37,9.33,58.65,21.25,29.71,50.34,0
-1.4,13.78,5.31,1800.66,11.29,17.34,15.59,1.77,123.24,0
